{"cameraMode":{"drawMode":0,"name":"Shaded","section":"Shading Mode"},"sceneLighting":true,"audioPlay":false,"sceneViewState":{"showFog":true,"showMaterialUpdate":false,"showSkybox":true,"showFlares":true,"showImageEffects":true,"showParticleSystems":true},"in2DMode":false,"pivot":{"x":-104.05127716064453,"y":-165.95924377441407,"z":-47.489295959472659},"rotation":{"x":0.25158724188804629,"y":-0.7460339665412903,"z":0.40014398097991946,"w":0.46907085180282595},"size":235.12701416015626,"orthographic":false}